notion_id,title,status,content_type,ai_keywords,ai_summary,author,link,publish_date,created_time,year,tags,body,images,broken_images,child_pages,source_file
20efc2711b8080f2b218d68ec3c186a6,ü¶ä R√§ven vaktar h√∂nshuset ‚Äì om ansvarsflykt och IT-s√§kerhet - Video,Published,Content,"Customer-Centric Approach, Problem Identification","IT-s√§kerhetschefens erfarenheter belyser vikten av rollseparering och budgetansvar f√∂r att undvika s√§kerhetsbrister. Humor anv√§nds f√∂r att illustrera hur bristande f√∂rst√•else f√∂r IT-s√§kerhet kan leda till allvarliga konsekvenser, inklusive ransomware-attacker. Tre centrala l√§rdomar betonas: verklig rollseparering, tillg√•ng till egen budget och grundl√§ggande s√§kerhets√•tg√§rder som patchning och brandv√§ggar.",,,"October 6, 2025","June 10, 2025 1:48 PM",2025,,"**ü¶ä R√§ven vaktar h√∂nshuset ‚Äì om ansvarsflykt och IT-s√§kerhet**

### **Titel: Informations- och cybers√§kerhetskultur**

**Format: Intervju**

**Scen 1 ‚Äì M√∂rkt rum. Ansiktet skymt. F√∂rvr√§ngd r√∂st. ‚ÄúITS√ÑK‚Äù visas i undertext.**

**INT:**

Ber√§tta ‚Äì hur hamnade du h√§r?

**ITS√ÑK:**

Jag var IT-s√§kerhetschef p√• ett stort svenskt bolag.

Mitt uppdrag var att h√•lla oss borta fr√•n tidningsrubriker och viten fr√•n IMY, **Integritetsskyddsmyndigheten**.

‚ÄúNo expense reserved‚Äù, sa de. Men det var bara snack.

**INT:**

S√•‚Ä¶ det gick inte riktigt s√•?

**ITS√ÑK:**

Nej. Jag fick aldrig egen budget.

Den l√•g under finanschefen ‚Äì en man som inte kunde skilja en skrivare fr√•n en server.

Vi hamnade i pressen. Surprise.

Minns VD:n som sk√§llde ut mig efter noter.

Jag fr√•gade:

**‚ÄúKan jag f√• budget till det jag flaggat f√∂r i ett √•r?‚Äù**

Han svarade surt:

**‚ÄúF√∂r vad d√•? IT-s√§kerhet. Vad √§r det ens?‚Äù**

**‚ÄúSpelar ingen roll, det finns inga pengar.‚Äù**

Jag f√∂rs√∂kte s√§ga att IT s√§kerhet handlar om mer √§n att inte hamna i tidiningarna. Men d√• hade han redan mentalt l√§mnat m√∂tet.

---

### **Scen 2 ‚Äì Presskonferens. VD vid podiet.**

**VD:**

‚ÄúVi har gjort ett historiskt resultat.

Maximal avkastning.‚Äù

(*Appl√•der. L√§tt skratt.*)

ITS√ÑK: Och s√• var aktie√§garna kortsiktigt n√∂jda.

---

### **Scen 3 ‚Äì Tillbaka i intervjurummet.**

**INT:**

Var det d√• du valde att sluta?

**ITS√ÑK:**

Ja, tydligen fanns det pengar till dom sj√§lva, men inte till att skydda bolaget.

**INT:**

Okej, vad √§r dina tips f√∂r att inte hamna h√§r?

IT-S√ÑK

Vad skulle farfar gjort?

Farfar?

Ja du vet. Farfarsprincipen. Fyra √∂gon. Att du sj√§lv kan inte skicka in en faktura till bolaget och godk√§nna den.

Den principen borde g√§lla beslut kring IT s√§kerhet ocks√•. Separera ansvaret. 

N√§r det saknas rollseparering hamnar vi i l√§get: D√• vaktar r√§ven h√∂nshuset. 

Humoriserad manusversion ‚Äì punchigare och roligare

**Format:** Intervju + satiriska cutaways, on‚Äëscreen-text och ljudeffekter

**Ton:** Torr humor, underdriven leverans, visuella blinkningar

---

### Kall √∂ppning ‚Äì ‚ÄúR√§ven‚Äù g√∂r entr√©

> Ljud: Sp√§nningsmusik som pl√∂tsligt klipps av av ett h√∂nskackel
> 

Bild p√• rubrik: ""R√§ven vaktar h√∂nshuset"" med en tecknad r√§v i slips. En skylt poppar upp: ""Det h√§r √§r inte en dokument√§r om r√§var. Tyv√§rr.""

Klipp till siluettintervjun.

**INT:** Ber√§tta ‚Äì hur hamnade du h√§r?

**ITS√ÑK:** Jag f√∂ljde doften av underfinansierad s√§kerhet. Och gratis bullar p√• fredagar.

On‚Äëscreen text: ""Gratis bullar ‚â† gratis s√§kerhet""

---

### Scen 1 ‚Äì Budgetgymnastik

> Ljud: Kassal√•da ‚Äúka‚Äëching‚Äù, direkt f√∂ljt av Windows‚Äëfelpling
> 

**ITS√ÑK:** ""No expense reserved"" sa de. Det √§r som ""all you can eat"" fast du f√•r bara titta p√• menyn.

Cutaway: CFO pekar p√• en skrivare och s√§ger ""stabil server"". Skrivaren b√∂rjar skriva ut aktieutdelningar.

On‚Äëscreen text: ""Rollseparering, n√•gon?""

**INT:** S√•‚Ä¶ det gick inte riktigt s√•?

**ITS√ÑK:** Jag fick aldrig egen budget. Jag hade en post‚Äëit. Den var gul. Det var min roadmap.

---

### Scen 2 ‚Äì Presskonferensen

> Ljud: H√∂gtidlig fanfar som √∂verg√•r i modemljud fr√•n 90‚Äëtalet
> 

**VD:** ""Vi har gjort ett historiskt resultat. Maximal avkastning!""

Klipp till h√∂nshus. En r√§v i kostym delar ut dividend‚Äëmajs till h√∂nsen. H√∂nsen appl√•derar. En h√∂na fr√•gar: ""Vad √§r en patch?""

On‚Äëscreen text: ""Patch Tuesday ‚â† Taco Tuesday""

---

### Scen 3 ‚Äì Brorsonens bootcamp

> Ljud: Ukulele‚Äëjingle, √∂verlagd Comic Sans‚Äëgrafik ""CYBERS√ÑK 101""
> 

**ITS√ÑK:** Brorsan till VD:n kom med sitt ""utbildningspaket"". Random quiz fr√•n n√§tet. Fr√•ga 1: ""Vad √§r ett l√∂senord?"" Svarsalternativ: A) ""1234"" B) ""12345"" C) ""Password"" D) ""Alla ovan""

Fakturan? Samma som min √•rsbudget. Med emoji i referensraden.

On‚Äëscreen text: ""√Ñkta story. Tyv√§rr.""

---

### Scen 4 ‚Äì N√§r det small

> Ljud: Klassisk film‚Äë""inception‚ÄëBWAAAM"" och ett h√∂nskackel i slow motion
> 

Cutaway: Servern st√•r √∂ppen mot internet. En d√∂rrmatta med texten ""Welcome, threat actors"". Kamera zoomar in p√• en uppdateringsruta: ""Uppdatera? ‚Äì Senare"". Undertext: ""Senare sedan 2017""

**ITS√ÑK:** Ingen patch. Ingen brandv√§gg. F√∂rsta ransomware‚Äëattacken.

**INT:** F√∂rsta?

**ITS√ÑK:** Ja. Vi gick fr√•n ""Defense in depth"" till ""Offense in debt"".

---

### Scen 5 ‚Äì L√§rdomar utan pekpinnar

> Ljud: Klick fr√•n en s√§kerhetsbrytare, mjuk musik
> 

Grafik: ""Tre saker innan du tar ansvar f√∂r IS/IT‚Äës√§kerhet""

1. Rollseparering p√• riktigt. Den som maxar utdelning ska inte granska sig sj√§lv. Det √§r som att l√•ta r√§ven utforma h√∂nsens nattvaktsschema.
2. Egen budget med mandat. Post‚Äëit √§r inte ett styrmedel.
3. Baslinor f√∂rst: patchning, brandv√§ggar, backup som faktiskt √•terl√§ses. Taco Tuesday √§r valfri. Patch Tuesday √§r inte det.

On‚Äëscreen text i h√∂rnet: ""Backup utan restore = sk√§rmsl√§ckare f√∂r samvetet""

---

### Avrundning ‚Äì punchline och call‚Äëto‚Äëaction

**INT:** Om du fick s√§ga en sak till din gamla ledning?

**ITS√ÑK:** ""S√§kerhet √§r en kostnad‚Ä¶ tills det blir en siffra i pressmeddelandet. D√• √§r det en investering du √∂nskar att du redan gjort.""

R√§ven i slips tittar in i kameran. Paus. Tar av sig r√§vhuvudet. Det √§r CFO.

On‚Äëscreen text: ""R√§ven var vi hela tiden. Plottwist.""

> Slutbild: Lista med ""G√∂r imorgon"" blinkar in: 1) Separera roller 2) Ring s√§kerhetschefen 3) Patcha. Sen credits med h√∂nskackel‚Äëremix
>",,,,/home/claude/notion_sample/ü¶ä RaÃàven vaktar hoÃànshuset ‚Äì om ansvarsflykt och IT- 20efc2711b8080f2b218d68ec3c186a6.md
225fc2711b808006b45acf16dfdd3406,ü¶ä R√§ven vaktar h√∂nshuset ‚Äì om ansvarsflykt och IT-s√§kerhet,Published,Content,"Problem Identification, Strategic Adaptation","Budget, beslut och kontroll b√∂r inte ligga p√• samma st√§lle f√∂r att undvika ansvarsflykt inom IT-s√§kerhet. Rollseparering √§r avg√∂rande f√∂r trov√§rdig s√§kerhet, och budgeten b√∂r placeras d√§r ansvaret finns. F√∂rebyggande √•tg√§rder √§r viktiga f√∂r att undvika incidenter och bevara kundernas f√∂rtroende.",,,"October 6, 2025","July 3, 2025 11:45 PM",2025,,"**ü¶ä R√§ven vaktar h√∂nshuset. Om ansvarsflykt och IT-s√§kerhet**

*Om varf√∂r budget, beslut och kontroll inte ska ligga p√• samma st√§lle*

---

> ‚ÄúOm du beslutar om att gasa, d√• ska du inte ocks√• vara den som installerar bromsarna.‚Äù
> 

I m√•nga organisationer √§r det just s√• det ser ut. Budget, beslut och bel√∂ningar ligger p√• samma st√§lle, vilket g√∂r s√§kerhetsarbetet till en eftertanke snarare √§n en integrerad del av styrningen.

Om du √§r CFO och ansvarar f√∂r maximal aktieutdelning, s√• √§r varje investering, √§ven i IT-s√§kerhet, ett hot mot det kortsiktiga resultatet och kravet p√• utdelning mot aktie√§garna. D√• √§r det frestande att v√§nta in n√§sta revision hellre √§n att f√∂rebygga. Men det finns regler, det finns lagar och de kommer f√∂rr eller senare att bli dyrare √§n det arbete man enkelt hade kunnat g√∂ra i tid.

Som man brukar s√§ga: *A stitch in time saves nine.* Inget kunde vara mer sant n√§r det g√§ller IT-s√§kerhet.

### **Tre s√§tt att t√§nka r√§tt om IT-s√§kerhet**

**1. Separera rollerna ‚Äì alltid**

Den som driver aff√§r eller utdelning ska inte ocks√• ansvara f√∂r att granska sig sj√§lv.

**Rollseparering √§r grundl√§ggande f√∂r trov√§rdig s√§kerhet.**

**2. L√§gg budget d√§r ansvaret finns**

Om s√§kerhetschefen b√§r det juridiska och operationella ansvaret, m√•ste budgeten ligga hos dem.

**Allt annat √§r ansvarsflykt.**

**3. Ta s√§kerhet p√• allvar innan det sm√§ller**

Att v√§nta p√• en incident, revision eller b√∂ter innan n√•got h√§nder √§r som att k√∂pa brandf√∂rs√§kring efter att huset brunnit ner.
**Det kan stilla samvetet, men skadan √§r redan skedd och kundernas f√∂rtroende √§r sv√•rt att reparera.**

N√§r styrning och kontroll hamnar hos samma person uppst√•r en tyst risk som inte syns i rapporter eller dashboards.

Att anamma farfarsprincipen, fyra √∂gon f√∂r ett beslut, √§r klokt √§ven h√§r. Vilka beslut som inneb√§r vilka risker tar vi och att vi gemensamt f√∂rst√•r dem. Men det viktigaste √§r kanske att inte samma person som tar ut utdelningen inte begr√§nsar arbetet med att vara compliant. 

Det √§r d√• det h√§nder:

> R√§ven har redan tagit plats inne i h√∂nshuset, och ingen v√•gar fr√•ga vem som gav den nyckeln.
> 

Ingress:

### **ü¶ä R√§ven vaktar h√∂nshuset, om ansvarsflykt och IT-s√§kerhet**

M√•nga f√∂retag b√§r redan p√• en tyst och osynlig risk.

S√§kerhetsarbetet √§r ofta reaktivt och reducerat till ett sidosp√•r. Det prioriteras f√∂rst n√§r n√•got redan har h√§nt, inte innan.

Ett vanligt m√∂nster √§r att ansvar, budget och kontroll samlas i samma h√§nder. N√§r fokus ligger p√• kortsiktiga resultat f√•r det f√∂rebyggande arbetet st√• tillbaka.

Den l√•ngsiktiga stabiliteten f√∂rloras i jakten p√• n√§sta kvartalsrapport.

N√§r r√§ven vaktar h√∂nshuset ser ingen att d√∂rren st√•r √∂ppen.

L√§s hela artikeln p√• min substack

[https://open.substack.com/pub/thomaslarsson/p/raven-vaktar-honshuset-om-ansvarsflykt?r=5kjx3a&utm_campaign=post&utm_medium=web&showWelcomeOnShare=true](https://open.substack.com/pub/thomaslarsson/p/raven-vaktar-honshuset-om-ansvarsflykt?r=5kjx3a&utm_campaign=post&utm_medium=web&showWelcomeOnShare=true)",,,,/home/claude/notion_sample/ü¶ä RaÃàven vaktar hoÃànshuset ‚Äì om ansvarsflykt och IT- 225fc2711b808006b45acf16dfdd3406.md
1ea70aae1c8b48c884e6729fd929fec9,40 Strategy Quote,#reference,,"Growth Mindset, Strategic Adaptation","A strategy is essential due to the unpredictability of the future, as futures markets can only suggest probable events without guaranteeing accuracy.",,,,"December 26, 2024 2:08 PM",,#quotes,"‚ÄúA strategy is necessary because the future is unpredictable.‚Äù ‚Äî Robert Waterman
Strategy is necessary because the future is unpredictable. Futures markets are a way to understand probable events, but they can‚Äôt predict the future with 100 percent accuracy.
# References:
1. https://web.getmatter.com/entry/66579759",,,,/home/claude/notion_sample/40 Strategy Quote 1ea70aae1c8b48c884e6729fd929fec9.md
077cc5d1ec524c758c26046b31240b99,12 Ways to Prepare your Monolith Before Transitioning to Microservices,Inbox,,"SaaS Transition, digitalization impact",Prepare your monolith for microservices by adopting an API-first approach and breaking down the existing structure into manageable parts. References include resources on splitting a monolith effectively.,,,,"December 26, 2024 2:08 PM",,,"![[Pasted image 20240807233236.png]]

Status: #idea
Tags: #microservices #monolith
Working backwards
Spit the old big Monolith
API first.
![[Pasted image 20240825111817.png]]
# References:
1. https://www.perplexity.ai/search/splitting-a-monolith-RD6eqvFzSrS7PQficz1dWg
2. https://semaphoreci.com/blog/monolith-microservices",,"obsidian:Pasted image 20240807233236.png, obsidian:Pasted image 20240825111817.png",,/home/claude/notion_sample/12 Ways to Prepare your Monolith Before Transition 077cc5d1ec524c758c26046b31240b99.md
52347b1c987d4668a48f43598be19e90,A real problems is the nicest gift you can get,Published,Content,"Customer Insight Gathering, Problem Identification, Real Issue Verification","Problems are valuable gifts that help identify real issues. Key methods to define a problem include interviewing customers, analyzing competitor solutions, sending surveys, reviewing complaints, monitoring social media feedback, and observing product usage to uncover common issues.",,,,"June 3, 2024 7:08 PM",2024,,"Problems are the nicest gift you can get

Don't Solve Imaginary Problems: A Guide to Verifying Real Issues

10 ways to define a problem

1. Interview the customer. Ask what problem they have and why they aren't happy about the solution today.
2. Understand how five other services or products solves what specific problem?

1. Ask customers what problems they have with current options.
2. See how five other products solve similar problems.
3. Send out surveys to learn about customer issues.
4. Read customer complaints to find common issues.
5. Check social media for what customers are saying.
6. Watch customers use your product to find problems.

[Why you want to see everything in imanges or pictures ](A%20real%20problems%20is%20the%20nicest%20gift%20you%20can%20get/Why%20you%20want%20to%20see%20everything%20in%20imanges%20or%20pictu%20331d6f9001644cf29833a00a6c56fc95.md)",,,Why you want to see everything in imanges or pictures ,/home/claude/notion_sample/A real problems is the nicest gift you can get 52347b1c987d4668a48f43598be19e90.md
168fc2711b8080feb05ad474935800b7,99_9 of companies are structured wrong Is yours,#idea,,"Growth Mindset, Problem Identification, Reflective Strategy Development","Organizational charts can never fully capture the complexity of an organization, but it's important to focus on key influences in decision-making. A forthcoming blog post will present a meta-analysis of over 13,000 teams from 54 studies spanning decades of research.",,,,"December 26, 2024 11:48 AM",,[[organisational_theory]],"The idea that an organisational chart could include every aspects of an organisation is as likley as we explain space with a star-map. There will always be depth to every aspect and relations we dont know about. The same with organisational chart.
But you can alwys descide on whats important and describe just that. In this case is what is influenced on the descision.

![[Pasted image 20240905221437.png]]
In tomorrow‚Äôs blog post, we‚Äôre diving into a groundbreaking meta-analysis that shatters conventional wisdom:

‚Ü≥ 13,000+ teams

‚Ü≥ 54 studies

‚Ü≥ Decades of research",,obsidian:Pasted image 20240905221437.png,,/home/claude/notion_sample/99_9 of companies are structured wrong Is yours 168fc2711b8080feb05ad474935800b7.md
161fc2711b80809f897acd332c39c152,2024 in Rewind,Inbox,,"Collaborative Innovation, Customer-Centric Approach","2024 focused on simplifying complexity through practical tools and workshops, achieving recognition as a Miro MVP, and emphasizing the importance of clear business mapping. Looking ahead to 2025, the goal is to help organizations create impactful maps to enhance understanding and decision-making.",,,,"December 19, 2024 1:02 PM",,,"![highlights-card.png](2024%20in%20Rewind/highlights-card.png)

Here's my 2024 LinkedIn Rewind, by¬†Coauthor.studio:

2024 taught me something crucial: A simple map everyone uses beats a perfect model nobody understands.

This year was about bringing clarity to chaos:

‚Üí Joined Forefront to expand our business mapping impact

‚Üí Created practical Miro templates used by hundreds of teams

‚Üí Started English translation of ""Relevant"" (finally!)

‚Üí Led workshops showing how visual tools beat PowerPoint chaos

‚Üí Honored as Miro MVP and Enterprise Advocate

Three posts that captured our core mission:

""Enterprise Architecture is dead!""

Most architecture roles can't answer a simple question: What business value do you bring?

[https://www.linkedin.com/feed/update/urn:li:activity:7147602404014817280/](https://www.linkedin.com/feed/update/urn:li:activity:7147602404014817280/)

""Miroverse Template Launch""

Your Excel chaos in the middle is costing more than you think. Time to build systems you can trust.

[https://www.linkedin.com/feed/update/urn:li:activity:7178139265787174912/](https://www.linkedin.com/feed/update/urn:li:activity:7178139265787174912/)

""Simplify How You Explain Your Business""

The layer you choose dictates how users understand your data. Like Google Maps, show only what matters for action.

[https://www.linkedin.com/feed/update/urn:li:activity:7155225412296495105/](https://www.linkedin.com/feed/update/urn:li:activity:7155225412296495105/)

Big thanks to Cecilia Nord√©n for our Business Map workshops and to the Miro community for embracing visual thinking. Your willingness to challenge complexity with clarity keeps pushing us forward.

Looking ahead: 2025 is about helping more organizations create maps that matter. Our methodology is proven, our templates are ready, and the Business Map movement is growing. Time to replace complexity with clarity.

Remember: If you can't explain your business with a simple map, you probably don't understand it well enough yourself",highlights-card.png,,,/home/claude/notion_sample/2024 in Rewind 161fc2711b80809f897acd332c39c152.md
31c7d133724342daa439af9b53a8afaa,A journey of a thousand miles begins with a single step. ‚ÄîLao Tzu,#reference,Content,"inspirational quotes, motivational insights","A quote by Lao Tzu emphasizes that significant journeys start with a single step, highlighting the importance of taking initial actions toward goals.",,,,"December 26, 2024 11:39 AM",2024,#quotes [[Plan]],A journey of a thousand miles begins with a single step. ‚ÄîLao Tzu,,,,/home/claude/notion_sample/A journey of a thousand miles begins with a single 31c7d133724342daa439af9b53a8afaa.md
32b466ef37cd4eaf92fc27485314cc74,3 Tips to Help You Prototype a Service,Inbox,,"Feedback-Driven Solutions, Incremental Progress","Prototype early and often, continuously iterating towards the right solution to enhance service development.",,,,"December 26, 2024 1:26 PM",,,"## Metadata

Status: #reference
* URL: [https://www.ideo.com/blog/3-tips-to-help-you-prototype-a-service](https://www.ideo.com/blog/3-tips-to-help-you-prototype-a-service)
* Author: Melanie Bell-Mayeda
* Publisher: ideo.com
* Tags: #Prototype

[[Prototype]]
## Highlights
* Do it early, do it often, and keep iterating toward the right solution.",,,,/home/claude/notion_sample/3 Tips to Help You Prototype a Service 32b466ef37cd4eaf92fc27485314cc74.md
191fc2711b808038953de526a0fe06cb,A lot of car companies are soon going out of business,Published,Content,"Courageous Leadership, Strategic Adaptation","Many car companies face imminent failure due to outdated management practices and reliance on rigid planning. The shift towards electric vehicles and rapid technological changes necessitates a more agile approach, including empowering decision-makers, owning supply chains, and reducing overengineering. Companies must adapt quickly to survive against competitors, particularly from China, which has a more integrated and flexible manufacturing ecosystem.",Thomas Larsson,,"February 5, 2025","February 5, 2025 2:44 PM",2025,,"A lot of car companies are soon going out of business

For a long time a Car manufacture had an advantage on the experiences on how to create cars when a new model should be invented. But now I see a big shift that the old structures are in the way. Just the notion that everything could be planned ahead when you create new EV-battieries, motors and the software, internetconnection and interaction changes in months not decades.

Old organisations leans towards to have rigid plan, because that is how it always have been done.

So where does this leave us. As Ford CEO Jim Farley says in this interview. We need to proof that we can create proftible cars within 5 years. And today everything that has to do with a battery in a EV is made in China. And also invention of next gen battery is a Chineese invention and their IP.

Besides that everything Ford and Volkswagen is putting into a car is often created by others such as Bosch, Panasonic and 100 of other vendors. Ford can‚Äôt change that software.

In China they change whatever they want, they produce it themself whithin a eco-network of business called China. Yeaph that is seen as ONE mission.

What is the response?

Not one thing.

First is to remove every old thinking of management and start putting the doers into descision-making spots. What could be the risk of doing this? Well I see two outcome. Either you succed to respond and survive. Or you don‚Äôt. With today thinking there is only one outcome.

The second is to start owning your own supply chain. Either as a own company, see Tesla, or as a colongromat of Car Manufactors. Batteries can be created in other places. A lot of bets need to be made, but do it together, remember your competitor is whole China, not one Chinese car manufacture.

The third part is to self-sabotage your capability to do things. Don‚Äôt overthink everything. Test and do. Learn and redo. Germans problems isn‚Äôt engenering. It is overengenering management and relly on SAP. Everything that isn‚Äôt done by SAP is done in a PowerPoint and 100 of Excels to for every aspect of the organisation. It is inefficent, proon to errors, and gives almost 0 trust to a quick descision and gives paralyzes in the organisations.

But what do I know?

I‚Äôm often just there to extingue a fire and very seldon anyone taking full responsibilty of the situation. I know management dosen‚Äôt.

Often called leadership.",,,,/home/claude/notion_sample/A lot of car companies are soon going out of busin 191fc2711b808038953de526a0fe06cb.md
4edc8123299f4e38823fb677d7b2b7fc,40 (Multiple Choice) Questions You Should Be Able To (Eventually) Answer About Each Item On Your Roadmap,#reference,,"Customer-Centric Approach, Strategic Alignment",No content,,,,"December 26, 2024 2:08 PM",,#Roadmaps,,,,,/home/claude/notion_sample/40 (Multiple Choice) Questions You Should Be Able  4edc8123299f4e38823fb677d7b2b7fc.md
a2d3476dd44442c3aaf6509539e8c9f5,32 Key Concepts in Systems Thinking and Complexity Theory ‚Äî unFIX,Inbox,,"Customer-Centric Approach, Strategic Adaptation","Overview of 32 key concepts in systems thinking, highlighting patterns that can be identified in business contexts.",,,,"December 26, 2024 11:58 AM",,,"List of concepts within system thinking.
Patterns to be found.

[[Patterns of Business (Now)]]",,,,/home/claude/notion_sample/32 Key Concepts in Systems Thinking and Complexity a2d3476dd44442c3aaf6509539e8c9f5.md
331d6f9001644cf29833a00a6c56fc95,Why you want to see everything in imanges or pictures,,,,,,,,,,,I love patterns.,,,,/home/claude/notion_sample/A real problems is the nicest gift you can get/Why you want to see everything in imanges or pictu 331d6f9001644cf29833a00a6c56fc95.md
